Workbook

Sheet Test Completo
A1: Configurazione | B1: angularSpeed (°/s) | C1: warningSpeed Multiplier | D1: WZ Radius (m) | E1: TZ Radius (m) | F1: Pos. Obiettivo | G1: Campione | H1: Agent1_TempoWZ | I1: Agent1_NavMesh | J1: Agent1_DistWZ | K1: Agent1_DistTZ | L1: Agent1_TempoTZ | M1: Agent1_TempoTot | N1: Agent1_Monitor_TempoWZ | O1: Agent1_Monitor_TempoTZ | P1: Agent1_Monitor_DistWZ | Q1: Agent1_Monitor_DistTZ | R1: Agent1_Monitor_NavMesh | S1: Agent1_Totem4_TempoWZ | T1: Agent1_Totem4_TempoTZ | U1: Agent1_Totem4_DistWZ | V1: Agent1_Totem4_DistTZ | W1: Agent1_Totem4_NavMesh
A2: 1297 | B2: 150 | C2: 0.65 | D2: 5 | E2: 1.25 | F2: Dentro WZ | G2: 4 | H2: 3.2 | I2: 1 | J2: 7.46 | K2: 5.3 | L2: 29.88 | M2: 53.06 | N2: 1.58 | O2: 2.22 | P2: 3.71 | Q2: 3.28 | R2: 1 | S2: 1.62 | T2: 27.66 | U2: 3.75 | V2: 2.01 | W2: 1
A3: 1298 | B3: 150 | C3: 0.8 | D3: 5 | E3: 1.25 | F3: Dentro WZ | G3: 4 | H3: 5.04 | I3: 1 | J3: 7.62 | K3: 4.36 | L3: 3.2 | M3: 30.3 | N3: 3.42 | O3: 2.2 | P3: 3.72 | Q3: 3.13 | R3: 1 | S3: 1.62 | T3: 1 | U3: 3.9 | V3: 1.22 | W3: 1
A4: 1299 | B4: 90 | C4: 0.65 | D4: 5 | E4: 3.75 | F4: Dentro WZ | G4: 4 | H4: 1.96 | I4: 1 | J4: 2.45 | K4: 16.69 | L4: 9.66 | M4: 33.16 | N4: 1.38 | O4: 4.84 | P4: 1.15 | Q4: 8.15 | R4: 1 | S4: 0.58 | T4: 4.82 | U4: 1.3 | V4: 8.55 | W4: 1
A5: 1300 | B5: 120 | C5: 0.8 | D5: 5 | E5: 3.75 | F5: Dentro WZ | G5: 4 | H5: 2.28 | I5: 1 | J5: 2.64 | K5: 16.81 | L5: 9.8 | M5: 30.12 | N5: 1.7 | O5: 4.9 | P5: 1.29 | Q5: 8.27 | R5: 1 | S5: 0.58 | T5: 4.9 | U5: 1.35 | V5: 8.54 | W5: 1
A6: 1301 | B6: 150 | C6: 0.5 | D6: 5 | E6: 3.75 | F6: Dentro WZ | G6: 4 | H6: 2.8 | I6: 1 | J6: 2.56 | K6: 16.78 | L6: 9.72 | M6: 31.06 | N6: 2.22 | O6: 4.82 | P6: 1.26 | Q6: 8.18 | R6: 1 | S6: 0.58 | T6: 4.9 | U6: 1.3 | V6: 8.59 | W6: 1
A7: 1302 | B7: 90 | C7: 0.95 | D7: 5 | E7: 1.25 | F7: Dentro WZ | G7: 4 | H7: 3.2 | I7: 1 | J7: 7.6 | K7: 4.4 | L7: 3.28 | M7: 26.94 | N7: 1.56 | O7: 2.28 | P7: 3.75 | Q7: 3.2 | R7: 1 | S7: 1.64 | T7: 1 | U7: 3.85 | V7: 1.2 | W7: 1
A8: 1303 | B8: 30 | C8: 0.5 | D8: 5 | E8: 3.75 | F8: Dentro WZ | G8: 4 | H8: 2.1 | I8: 1 | J8: 2.59 | K8: 16.73 | L8: 9.66 | M8: 32.8 | N8: 1.5 | O8: 4.82 | P8: 1.19 | Q8: 8.16 | R8: 1 | S8: 0.6 | T8: 4.84 | U8: 1.4 | V8: 8.57 | W8: 1
A9: 1304 | B9: 90 | C9: 0.8 | D9: 5 | E9: 1.25 | F9: Dentro WZ | G9: 4 | H9: 3.46 | I9: 1 | J9: 7.69 | K9: 4.54 | L9: 3.36 | M9: 28.24 | N9: 1.82 | O9: 2.32 | P9: 3.79 | Q9: 3.34 | R9: 1 | S9: 1.64 | T9: 1.04 | U9: 3.9 | V9: 1.2 | W9: 1
A10: 1305 | B10: 90 | C10: 0.5 | D10: 4 | E10: 2 | F10: Dentro WZ | G10: 4 | H10: 1.8 | I10: 1 | J10: 4.1 | K10: 7.82 | L10: 5.26 | M10: 35.26 | N10: 0.92 | O10: 3.06 | P10: 2.01 | Q10: 4.65 | R10: 1 | S10: 0.88 | T10: 2.2 | U10: 2.09 | V10: 3.17 | W10: 1
A11: 1306 | B11: 150 | C11: 0.65 | D11: 5 | E11: 1.25 | F11: Dentro WZ | G11: 5 | H11: 3.14 | I11: 1 | J11: 7.6 | K11: 4.42 | L11: 3.3 | M11: 26.6 | N11: 1.52 | O11: 2.28 | P11: 3.7 | Q11: 3.2 | R11: 1 | S11: 1.62 | T11: 1.02 | U11: 3.9 | V11: 1.22 | W11: 1
A12: 1307 | B12: 150 | C12: 0.8 | D12: 5 | E12: 1.25 | F12: Dentro WZ | G12: 5 | H12: 0 | I12: 0 | J12: 0 | K12: 0 | L12: 0 | M12: 0 | N12: 0 | O12: 0 | P12: 0 | Q12: 0 | R12: 0 | S12: 0 | T12: 0 | U12: 0 | V12: 0 | W12: 0
A13: 1308 | B13: 90 | C13: 0.65 | D13: 5 | E13: 3.75 | F13: Dentro WZ | G13: 5 | H13: 0 | I13: 0 | J13: 0 | K13: 0 | L13: 0 | M13: 0 | N13: 0 | O13: 0 | P13: 0 | Q13: 0 | R13: 0 | S13: 0 | T13: 0 | U13: 0 | V13: 0 | W13: 0
... A181: 1476 | B181: 90 | C181: 0.5 | D181: 4 | E181: 2 | F181: Dentro WZ | G181: 23 | H181: 1.76 | I181: 1 | J181: 4.03 | K181: 7.88 | L181: 5.18 | M181: 32.3 | N181: 0.88 | O181: 3.08 | P181: 2.04 | Q181: 4.69 | R181: 1 | S181: 0.88 | T181: 2.1 | U181: 2 | V181: 3.19 | W181: 1

Sheet Riepilogo
A1: Riepilogo del test integrativo
A2: Si aggiorna da solo quando fill_excel.py compila il foglio Test Completo. Le definizioni degli esiti sono sotto la tabella.
A4: ID | B4: Configurazione | C4: Previste | D4: Eseguite | E4: Riuscite | F4: % riuscite | G4: Blocchi al totem | H4: Timeout | I4: NavMesh non attivato | J4: Oltre le soglie | K4: Tempi negativi | L4: tempoTot medio riuscite (s) | M4: Dev. std. riuscite (s) | N4: tempoTot medio griglia (s) | O4: Dev. std. griglia (s) | P4: Differenza media (s)
A5: T1 | B5: 150°/s · 0,65 · WZ 5 m · TZ 1,25 m (1/4) | C5: =COUNTIF(Calcolo!$B$2:$B$181,$A5) -> 20 | D5: =C5-COUNTIFS(Calcolo!$B$2:$B$181,$A5,Calcolo!$I$2:$I$181,"non eseguita") -> 20 | E5: =COUNTIFS(Calcolo!$B$2:$B$181,$A5,Calcolo!$I$2:$I$181,"riuscita") -> 14 | F5: =IF(D5=0,"",E5/D5) -> 0.7 | G5: =COUNTIFS(Calcolo!$B$2:$B$181,$A5,Calcolo!$I$2:$I$181,"blocco al totem") -> 3 | H5: =COUNTIFS(Calcolo!$B$2:$B$181,$A5,Calcolo!$I$2:$I$181,"timeout") -> 3 | I5: =COUNTIFS(Calcolo!$B$2:$B$181,$A5,Calcolo!$I$2:$I$181,"NavMesh non attivato") -> 0 | J5: =COUNTIFS(Calcolo!$B$2:$B$181,$A5,Calcolo!$I$2:$I$181,"oltre le soglie") -> 0 | K5: =COUNTIFS(Calcolo!$B$2:$B$181,$A5,Calcolo!$I$2:$I$181,"tempi negativi") -> 0 | L5: =IF(E5=0,"",AVERAGEIFS(Calcolo!$D$2:$D$181,Calcolo!$B$2:$B$181,$A5,Calcolo!$I$2:$I$181,"riuscita")) -> 29.51 | M5: =IF(E5<2,"",SQRT(MAX(0,(SUMPRODUCT((Calcolo!$B$2:$B$181=$A5)*Calcolo!$J$2:$J$181^2)-E5*L5^2)/(E5-1)))) -> 3.4267881 | N5: =INDEX('Piano del test'!$K$5:$K$13,MATCH($A5,'Piano del test'!$A$5:$A$13,0)) -> 28.67 | O5: =INDEX('Piano del test'!$L$5:$L$13,MATCH($A5,'Piano del test'!$A$5:$A$13,0)) -> 0.59 | P5: =IF(L5="","",L5-N5) -> 0.84
A6: T2 | B6: 150°/s · 0,8 · WZ 5 m · TZ 1,25 m (1/4) | C6: =COUNTIF(Calcolo!$B$2:$B$181,$A6) -> 20 | D6: =C6-COUNTIFS(Calcolo!$B$2:$B$181,$A6,Calcolo!$I$2:$I$181,"non eseguita") -> 20 | E6: =COUNTIFS(Calcolo!$B$2:$B$181,$A6,Calcolo!$I$2:$I$181,"riuscita") -> 15 | F6: =IF(D6=0,"",E6/D6) -> 0.75 | G6: =COUNTIFS(Calcolo!$B$2:$B$181,$A6,Calcolo!$I$2:$I$181,"blocco al totem") -> 4 | H6: =COUNTIFS(Calcolo!$B$2:$B$181,$A6,Calcolo!$I$2:$I$181,"timeout") -> 1 | I6: =COUNTIFS(Calcolo!$B$2:$B$181,$A6,Calcolo!$I$2:$I$181,"NavMesh non attivato") -> 0 | J6: =COUNTIFS(Calcolo!$B$2:$B$181,$A6,Calcolo!$I$2:$I$181,"oltre le soglie") -> 0 | K6: =COUNTIFS(Calcolo!$B$2:$B$181,$A6,Calcolo!$I$2:$I$181,"tempi negativi") -> 0 | L6: =IF(E6=0,"",AVERAGEIFS(Calcolo!$D$2:$D$181,Calcolo!$B$2:$B$181,$A6,Calcolo!$I$2:$I$181,"riuscita")) -> 28.392 | M6: =IF(E6<2,"",SQRT(MAX(0,(SUMPRODUCT((Calcolo!$B$2:$B$181=$A6)*Calcolo!$J$2:$J$181^2)-E6*L6^2)/(E6-1)))) -> 2.560366 | N6: =INDEX('Piano del test'!$K$5:$K$13,MATCH($A6,'Piano del test'!$A$5:$A$13,0)) -> 29.2 | O6: =INDEX('Piano del test'!$L$5:$L$13,MATCH($A6,'Piano del test'!$A$5:$A$13,0)) -> 2.29 | P6: =IF(L6="","",L6-N6) -> -0.808
A7: T3 | B7: 90°/s · 0,65 · WZ 5 m · TZ 3,75 m (3/4) | C7: =COUNTIF(Calcolo!$B$2:$B$181,$A7) -> 20 | D7: =C7-COUNTIFS(Calcolo!$B$2:$B$181,$A7,Calcolo!$I$2:$I$181,"non eseguita") -> 20 | E7: =COUNTIFS(Calcolo!$B$2:$B$181,$A7,Calcolo!$I$2:$I$181,"riuscita") -> 19 | F7: =IF(D7=0,"",E7/D7) -> 0.95 | G7: =COUNTIFS(Calcolo!$B$2:$B$181,$A7,Calcolo!$I$2:$I$181,"blocco al totem") -> 0 | H7: =COUNTIFS(Calcolo!$B$2:$B$181,$A7,Calcolo!$I$2:$I$181,"timeout") -> 1 | I7: =COUNTIFS(Calcolo!$B$2:$B$181,$A7,Calcolo!$I$2:$I$181,"NavMesh non attivato") -> 0 | J7: =COUNTIFS(Calcolo!$B$2:$B$181,$A7,Calcolo!$I$2:$I$181,"oltre le soglie") -> 0 | K7: =COUNTIFS(Calcolo!$B$2:$B$181,$A7,Calcolo!$I$2:$I$181,"tempi negativi") -> 0 | L7: =IF(E7=0,"",AVERAGEIFS(Calcolo!$D$2:$D$181,Calcolo!$B$2:$B$181,$A7,Calcolo!$I$2:$I$181,"riuscita")) -> 34.223158 | M7: =IF(E7<2,"",SQRT(MAX(0,(SUMPRODUCT((Calcolo!$B$2:$B$181=$A7)*Calcolo!$J$2:$J$181^2)-E7*L7^2)/(E7-1)))) -> 3.0240537 | N7: =INDEX('Piano del test'!$K$5:$K$13,MATCH($A7,'Piano del test'!$A$5:$A$13,0)) -> 29.45 | O7: =INDEX('Piano del test'!$L$5:$L$13,MATCH($A7,'Piano del test'!$A$5:$A$13,0)) -> 0.37 | P7: =IF(L7="","",L7-N7) -> 4.7731579
A8: T4 | B8: 120°/s · 0,8 · WZ 5 m · TZ 3,75 m (3/4) | C8: =COUNTIF(Calcolo!$B$2:$B$181,$A8) -> 20 | D8: =C8-COUNTIFS(Calcolo!$B$2:$B$181,$A8,Calcolo!$I$2:$I$181,"non eseguita") -> 20 | E8: =COUNTIFS(Calcolo!$B$2:$B$181,$A8,Calcolo!$I$2:$I$181,"riuscita") -> 19 | F8: =IF(D8=0,"",E8/D8) -> 0.95 | G8: =COUNTIFS(Calcolo!$B$2:$B$181,$A8,Calcolo!$I$2:$I$181,"blocco al totem") -> 0 | H8: =COUNTIFS(Calcolo!$B$2:$B$181,$A8,Calcolo!$I$2:$I$181,"timeout") -> 0 | I8: =COUNTIFS(Calcolo!$B$2:$B$181,$A8,Calcolo!$I$2:$I$181,"NavMesh non attivato") -> 0 | J8: =COUNTIFS(Calcolo!$B$2:$B$181,$A8,Calcolo!$I$2:$I$181,"oltre le soglie") -> 0 | K8: =COUNTIFS(Calcolo!$B$2:$B$181,$A8,Calcolo!$I$2:$I$181,"tempi negativi") -> 1 | L8: =IF(E8=0,"",AVERAGEIFS(Calcolo!$D$2:$D$181,Calcolo!$B$2:$B$181,$A8,Calcolo!$I$2:$I$181,"riuscita")) -> 31.618947 | M8: =IF(E8<2,"",SQRT(MAX(0,(SUMPRODUCT((Calcolo!$B$2:$B$181=$A8)*Calcolo!$J$2:$J$181^2)-E8*L8^2)/(E8-1)))) -> 2.9784222 | N8: =INDEX('Piano del test'!$K$5:$K$13,MATCH($A8,'Piano del test'!$A$5:$A$13,0)) -> 29.78 | O8: =INDEX('Piano del test'!$L$5:$L$13,MATCH($A8,'Piano del test'!$A$5:$A$13,0)) -> 0.92 | P8: =IF(L8="","",L8-N8) -> 1.8389474
A9: T5 | B9: 150°/s · 0,5 · WZ 5 m · TZ 3,75 m (3/4) | C9: =COUNTIF(Calcolo!$B$2:$B$181,$A9) -> 20 | D9: =C9-COUNTIFS(Calcolo!$B$2:$B$181,$A9,Calcolo!$I$2:$I$181,"non eseguita") -> 20 | E9: =COUNTIFS(Calcolo!$B$2:$B$181,$A9,Calcolo!$I$2:$I$181,"riuscita") -> 20 | F9: =IF(D9=0,"",E9/D9) -> 1 | G9: =COUNTIFS(Calcolo!$B$2:$B$181,$A9,Calcolo!$I$2:$I$181,"blocco al totem") -> 0 | H9: =COUNTIFS(Calcolo!$B$2:$B$181,$A9,Calcolo!$I$2:$I$181,"timeout") -> 0 | I9: =COUNTIFS(Calcolo!$B$2:$B$181,$A9,Calcolo!$I$2:$I$181,"NavMesh non attivato") -> 0 | J9: =COUNTIFS(Calcolo!$B$2:$B$181,$A9,Calcolo!$I$2:$I$181,"oltre le soglie") -> 0 | K9: =COUNTIFS(Calcolo!$B$2:$B$181,$A9,Calcolo!$I$2:$I$181,"tempi negativi") -> 0 | L9: =IF(E9=0,"",AVERAGEIFS(Calcolo!$D$2:$D$181,Calcolo!$B$2:$B$181,$A9,Calcolo!$I$2:$I$181,"riuscita")) -> 31.875 | M9: =IF(E9<2,"",SQRT(MAX(0,(SUMPRODUCT((Calcolo!$B$2:$B$181=$A9)*Calcolo!$J$2:$J$181^2)-E9*L9^2)/(E9-1)))) -> 3.3749908 | N9: =INDEX('Piano del test'!$K$5:$K$13,MATCH($A9,'Piano del test'!$A$5:$A$13,0)) -> 29.85 | O9: =INDEX('Piano del test'!$L$5:$L$13,MATCH($A9,'Piano del test'!$A$5:$A$13,0)) -> 0.63 | P9: =IF(L9="","",L9-N9) -> 2.025
A10: T6 | B10: 90°/s · 0,95 · WZ 5 m · TZ 1,25 m (1/4) | C10: =COUNTIF(Calcolo!$B$2:$B$181,$A10) -> 20 | D10: =C10-COUNTIFS(Calcolo!$B$2:$B$181,$A10,Calcolo!$I$2:$I$181,"non eseguita") -> 20 | E10: =COUNTIFS(Calcolo!$B$2:$B$181,$A10,Calcolo!$I$2:$I$181,"riuscita") -> 16 | F10: =IF(D10=0,"",E10/D10) -> 0.8 | G10: =COUNTIFS(Calcolo!$B$2:$B$181,$A10,Calcolo!$I$2:$I$181,"blocco al totem") -> 2 | H10: =COUNTIFS(Calcolo!$B$2:$B$181,$A10,Calcolo!$I$2:$I$181,"timeout") -> 2 | I10: =COUNTIFS(Calcolo!$B$2:$B$181,$A10,Calcolo!$I$2:$I$181,"NavMesh non attivato") -> 0 | J10: =COUNTIFS(Calcolo!$B$2:$B$181,$A10,Calcolo!$I$2:$I$181,"oltre le soglie") -> 0 | K10: =COUNTIFS(Calcolo!$B$2:$B$181,$A10,Calcolo!$I$2:$I$181,"tempi negativi") -> 0 | L10: =IF(E10=0,"",AVERAGEIFS(Calcolo!$D$2:$D$181,Calcolo!$B$2:$B$181,$A10,Calcolo!$I$2:$I$181,"riuscita")) -> 30.31625 | M10: =IF(E10<2,"",SQRT(MAX(0,(SUMPRODUCT((Calcolo!$B$2:$B$181=$A10)*Calcolo!$J$2:$J$181^2)-E10*L10^2)/(E10-1)))) -> 4.219006 | N10: =INDEX('Piano del test'!$K$5:$K$13,MATCH($A10,'Piano del test'!$A$5:$A$13,0)) -> 29.91 | O10: =INDEX('Piano del test'!$L$5:$L$13,MATCH($A10,'Piano del test'!$A$5:$A$13,0)) -> 2.47 | P10: =IF(L10="","",L10-N10) -> 0.40625
A11: T7 | B11: 30°/s · 0,5 · WZ 5 m · TZ 3,75 m (3/4) | C11: =COUNTIF(Calcolo!$B$2:$B$181,$A11) -> 20 | D11: =C11-COUNTIFS(Calcolo!$B$2:$B$181,$A11,Calcolo!$I$2:$I$181,"non eseguita") -> 20 | E11: =COUNTIFS(Calcolo!$B$2:$B$181,$A11,Calcolo!$I$2:$I$181,"riuscita") -> 20 | F11: =IF(D11=0,"",E11/D11) -> 1 | G11: =COUNTIFS(Calcolo!$B$2:$B$181,$A11,Calcolo!$I$2:$I$181,"blocco al totem") -> 0 | H11: =COUNTIFS(Calcolo!$B$2:$B$181,$A11,Calcolo!$I$2:$I$181,"timeout") -> 0 | I11: =COUNTIFS(Calcolo!$B$2:$B$181,$A11,Calcolo!$I$2:$I$181,"NavMesh non attivato") -> 0 | J11: =COUNTIFS(Calcolo!$B$2:$B$181,$A11,Calcolo!$I$2:$I$181,"oltre le soglie") -> 0 | K11: =COUNTIFS(Calcolo!$B$2:$B$181,$A11,Calcolo!$I$2:$I$181,"tempi negativi") -> 0 | L11: =IF(E11=0,"",AVERAGEIFS(Calcolo!$D$2:$D$181,Calcolo!$B$2:$B$181,$A11,Calcolo!$I$2:$I$181,"riuscita")) -> 30.714 | M11: =IF(E11<2,"",SQRT(MAX(0,(SUMPRODUCT((Calcolo!$B$2:$B$181=$A11)*Calcolo!$J$2:$J$181^2)-E11*L11^2)/(E11-1)))) -> 2.4295037 | N11: =INDEX('Piano del test'!$K$5:$K$13,MATCH($A11,'Piano del test'!$A$5:$A$13,0)) -> 29.94 | O11: =INDEX('Piano del test'!$L$5:$L$13,MATCH($A11,'Piano del test'!$A$5:$A$13,0)) -> 0.48 | P11: =IF(L11="","",L11-N11) -> 0.774
A12: T8 | B12: 90°/s · 0,8 · WZ 5 m · TZ 1,25 m (1/4) | C12: =COUNTIF(Calcolo!$B$2:$B$181,$A12) -> 20 | D12: =C12-COUNTIFS(Calcolo!$B$2:$B$181,$A12,Calcolo!$I$2:$I$181,"non eseguita") -> 20 | E12: =COUNTIFS(Calcolo!$B$2:$B$181,$A12,Calcolo!$I$2:$I$181,"riuscita") -> 13 | F12: =IF(D12=0,"",E12/D12) -> 0.65 | G12: =COUNTIFS(Calcolo!$B$2:$B$181,$A12,Calcolo!$I$2:$I$181,"blocco al totem") -> 4 | H12: =COUNTIFS(Calcolo!$B$2:$B$181,$A12,Calcolo!$I$2:$I$181,"timeout") -> 3 | I12: =COUNTIFS(Calcolo!$B$2:$B$181,$A12,Calcolo!$I$2:$I$181,"NavMesh non attivato") -> 0 | J12: =COUNTIFS(Calcolo!$B$2:$B$181,$A12,Calcolo!$I$2:$I$181,"oltre le soglie") -> 0 | K12: =COUNTIFS(Calcolo!$B$2:$B$181,$A12,Calcolo!$I$2:$I$181,"tempi negativi") -> 0 | L12: =IF(E12=0,"",AVERAGEIFS(Calcolo!$D$2:$D$181,Calcolo!$B$2:$B$181,$A12,Calcolo!$I$2:$I$181,"riuscita")) -> 29.373846 | M12: =IF(E12<2,"",SQRT(MAX(0,(SUMPRODUCT((Calcolo!$B$2:$B$181=$A12)*Calcolo!$J$2:$J$181^2)-E12*L12^2)/(E12-1)))) -> 3.389989 | N12: =INDEX('Piano del test'!$K$5:$K$13,MATCH($A12,'Piano del test'!$A$5:$A$13,0)) -> 30.01 | O12: =INDEX('Piano del test'!$L$5:$L$13,MATCH($A12,'Piano del test'!$A$5:$A$13,0)) -> 3.51 | P12: =IF(L12="","",L12-N12) -> -0.63615385
A13: T9 | B13: 90°/s · 0,5 · WZ 4 m · TZ 2 m (2/4) | C13: =COUNTIF(Calcolo!$B$2:$B$181,$A13) -> 20 | D13: =C13-COUNTIFS(Calcolo!$B$2:$B$181,$A13,Calcolo!$I$2:$I$181,"non eseguita") -> 20 | E13: =COUNTIFS(Calcolo!$B$2:$B$181,$A13,Calcolo!$I$2:$I$181,"riuscita") -> 20 | F13: =IF(D13=0,"",E13/D13) -> 1 | G13: =COUNTIFS(Calcolo!$B$2:$B$181,$A13,Calcolo!$I$2:$I$181,"blocco al totem") -> 0 | H13: =COUNTIFS(Calcolo!$B$2:$B$181,$A13,Calcolo!$I$2:$I$181,"timeout") -> 0 | I13: =COUNTIFS(Calcolo!$B$2:$B$181,$A13,Calcolo!$I$2:$I$181,"NavMesh non attivato") -> 0 | J13: =COUNTIFS(Calcolo!$B$2:$B$181,$A13,Calcolo!$I$2:$I$181,"oltre le soglie") -> 0 | K13: =COUNTIFS(Calcolo!$B$2:$B$181,$A13,Calcolo!$I$2:$I$181,"tempi negativi") -> 0 | L13: =IF(E13=0,"",AVERAGEIFS(Calcolo!$D$2:$D$181,Calcolo!$B$2:$B$181,$A13,Calcolo!$I$2:$I$181,"riuscita")) -> 32.165 | M13: =IF(E13<2,"",SQRT(MAX(0,(SUMPRODUCT((Calcolo!$B$2:$B$181=$A13)*Calcolo!$J$2:$J$181^2)-E13*L13^2)/(E13-1)))) -> 3.3103148 | N13: =INDEX('Piano del test'!$K$5:$K$13,MATCH($A13,'Piano del test'!$A$5:$A$13,0)) -> 27.93 | O13: =INDEX('Piano del test'!$L$5:$L$13,MATCH($A13,'Piano del test'!$A$5:$A$13,0)) -> 0.28 | P13: =IF(L13="","",L13-N13) -> 4.235
A14: Totale | C14: =SUM(C5:C13) -> 180 | D14: =SUM(D5:D13) -> 180 | E14: =SUM(E5:E13) -> 156 | F14: =IF(D14=0,"",E14/D14) -> 0.86666667 | G14: =SUM(G5:G13) -> 13 | H14: =SUM(H5:H13) -> 10 | I14: =SUM(I5:I13) -> 0 | J14: =SUM(J5:J13) -> 0 | K14: =SUM(K5:K13) -> 1
A16: Esiti (una simulazione ha un solo esito, controllato in quest'ordine)
A17: non eseguita: la riga non ha ancora risultati.
A18: timeout: tempoTot uguale a 0 (episodio interrotto a 120 s). Può essere anche un blocco al totem da cui l'agente non si è liberato in tempo.
A19: tempi negativi: tempoWZ o tempoTZ minore di 0.
A20: NavMesh non attivato: navMesh minore di 1, cioè almeno un artefatto saltato.
A21: blocco al totem: l'agente resta impigliato nel totem ma si libera e completa il percorso (tempo nella TZ del totem oltre la soglia della colonna N del foglio Piano del test).
A22: oltre le soglie: tempoTot o tempoWZ oltre il 95° percentile della griglia (soglie nel foglio Piano del test).
A23: riuscita: tutti gli altri casi. Media e deviazione standard sono calcolate solo su queste.
A24: Eseguite = Previste meno le non eseguite. Differenza media = media del test meno media della griglia.

Sheet Piano del test
A1: Test integrativo: 9 configurazioni × 20 ripetizioni (simulazioni 1297–1476)
A2: Le otto configurazioni più rapide della Tabella 11 e la più rapida della classifica diretta (Sezione 5.5), tutte con l'obiettivo dentro la WZ. Le configurazioni si alternano: una ripetizione di ciascuna, poi la successiva (Campione da 4 a 23).
A4: ID | B4: Origine | C4: angularSpeed (°/s) | D4: warningSpeed Multiplier | E4: WZ (m) | F4: TZ (m) | G4: Rapporto TZ/WZ | H4: Pos. Obiettivo | I4: N. nel questionario | J4: Simulazioni nella griglia | K4: tempoTot medio griglia (s) | L4: Dev. std. griglia (s) | M4: Mediana tempo TZ totem, griglia (s) | N4: Soglia blocco al totem (s) | O4: Prima simulazione | P4: Ultima simulazione | Q4: Ripetizioni previste | R4: Chiave (uso interno)
A5: T1 | B5: Tab. 11, 1ª (configurazione scelta) | C5: 150 | D5: 0.65 | E5: 5 | F5: 1.25 | G5: =F5/E5 -> 0.25 | H5: Dentro WZ | I5: 1 | J5: 955, 956, 957 | K5: 28.67 | L5: 0.59 | M5: 1.08 | N5: =M5+$C$22 -> 11.08 | O5: =_xlfn.MINIFS('Test Completo'!$A$2:$A$181,'Test Completo'!$B$2:$B$181,C5,'Test Completo'!$C$2:$C$181,D5,'Test Completo'!$D$2:$D$181,E5,'Test Completo'!$E$2:$E$181,F5) -> 1297 | P5: =_xlfn.MAXIFS('Test Completo'!$A$2:$A$181,'Test Completo'!$B$2:$B$181,C5,'Test Completo'!$C$2:$C$181,D5,'Test Completo'!$D$2:$D$181,E5,'Test Completo'!$E$2:$E$181,F5) -> 1468 | Q5: =COUNTIFS('Test Completo'!$B$2:$B$181,C5,'Test Completo'!$C$2:$C$181,D5,'Test Completo'!$D$2:$D$181,E5,'Test Completo'!$E$2:$E$181,F5) -> 20 | R5: =C5&"|"&D5&"|"&E5&"|"&F5 -> 150|0,65|5|1,25
A6: T2 | B6: Tab. 11, 2ª | C6: 150 | D6: 0.8 | E6: 5 | F6: 1.25 | G6: =F6/E6 -> 0.25 | H6: Dentro WZ | I6: 2 | J6: 1009, 1010, 1011 | K6: 29.2 | L6: 2.29 | M6: 1.08 | N6: =M6+$C$22 -> 11.08 | O6: =_xlfn.MINIFS('Test Completo'!$A$2:$A$181,'Test Completo'!$B$2:$B$181,C6,'Test Completo'!$C$2:$C$181,D6,'Test Completo'!$D$2:$D$181,E6,'Test Completo'!$E$2:$E$181,F6) -> 1298 | P6: =_xlfn.MAXIFS('Test Completo'!$A$2:$A$181,'Test Completo'!$B$2:$B$181,C6,'Test Completo'!$C$2:$C$181,D6,'Test Completo'!$D$2:$D$181,E6,'Test Completo'!$E$2:$E$181,F6) -> 1469 | Q6: =COUNTIFS('Test Completo'!$B$2:$B$181,C6,'Test Completo'!$C$2:$C$181,D6,'Test Completo'!$D$2:$D$181,E6,'Test Completo'!$E$2:$E$181,F6) -> 20 | R6: =C6&"|"&D6&"|"&E6&"|"&F6 -> 150|0,8|5|1,25
A7: T3 | B7: Tab. 11, 3ª (alternativa con TZ 3/4) | C7: 90 | D7: 0.65 | E7: 5 | F7: 3.75 | G7: =F7/E7 -> 0.75 | H7: Dentro WZ | I7: 3 | J7: 535, 536, 537 | K7: 29.45 | L7: 0.37 | M7: 4.78 | N7: =M7+$C$22 -> 14.78 | O7: =_xlfn.MINIFS('Test Completo'!$A$2:$A$181,'Test Completo'!$B$2:$B$181,C7,'Test Completo'!$C$2:$C$181,D7,'Test Completo'!$D$2:$D$181,E7,'Test Completo'!$E$2:$E$181,F7) -> 1299 | P7: =_xlfn.MAXIFS('Test Completo'!$A$2:$A$181,'Test Completo'!$B$2:$B$181,C7,'Test Completo'!$C$2:$C$181,D7,'Test Completo'!$D$2:$D$181,E7,'Test Completo'!$E$2:$E$181,F7) -> 1470 | Q7: =COUNTIFS('Test Completo'!$B$2:$B$181,C7,'Test Completo'!$C$2:$C$181,D7,'Test Completo'!$D$2:$D$181,E7,'Test Completo'!$E$2:$E$181,F7) -> 20 | R7: =C7&"|"&D7&"|"&E7&"|"&F7 -> 90|0,65|5|3,75
A8: T4 | B8: Tab. 11, 4ª | C8: 120 | D8: 0.8 | E8: 5 | F8: 3.75 | G8: =F8/E8 -> 0.75 | H8: Dentro WZ | I8: 4 | J8: 805, 806, 807 | K8: 29.78 | L8: 0.92 | M8: 4.78 | N8: =M8+$C$22 -> 14.78 | O8: =_xlfn.MINIFS('Test Completo'!$A$2:$A$181,'Test Completo'!$B$2:$B$181,C8,'Test Completo'!$C$2:$C$181,D8,'Test Completo'!$D$2:$D$181,E8,'Test Completo'!$E$2:$E$181,F8) -> 1300 | P8: =_xlfn.MAXIFS('Test Completo'!$A$2:$A$181,'Test Completo'!$B$2:$B$181,C8,'Test Completo'!$C$2:$C$181,D8,'Test Completo'!$D$2:$D$181,E8,'Test Completo'!$E$2:$E$181,F8) -> 1471 | Q8: =COUNTIFS('Test Completo'!$B$2:$B$181,C8,'Test Completo'!$C$2:$C$181,D8,'Test Completo'!$D$2:$D$181,E8,'Test Completo'!$E$2:$E$181,F8) -> 20 | R8: =C8&"|"&D8&"|"&E8&"|"&F8 -> 120|0,8|5|3,75
A9: T5 | B9: Tab. 11, 5ª | C9: 150 | D9: 0.5 | E9: 5 | F9: 3.75 | G9: =F9/E9 -> 0.75 | H9: Dentro WZ | I9: 5 | J9: 913, 914, 915 | K9: 29.85 | L9: 0.63 | M9: 4.78 | N9: =M9+$C$22 -> 14.78 | O9: =_xlfn.MINIFS('Test Completo'!$A$2:$A$181,'Test Completo'!$B$2:$B$181,C9,'Test Completo'!$C$2:$C$181,D9,'Test Completo'!$D$2:$D$181,E9,'Test Completo'!$E$2:$E$181,F9) -> 1301 | P9: =_xlfn.MAXIFS('Test Completo'!$A$2:$A$181,'Test Completo'!$B$2:$B$181,C9,'Test Completo'!$C$2:$C$181,D9,'Test Completo'!$D$2:$D$181,E9,'Test Completo'!$E$2:$E$181,F9) -> 1472 | Q9: =COUNTIFS('Test Completo'!$B$2:$B$181,C9,'Test Completo'!$C$2:$C$181,D9,'Test Completo'!$D$2:$D$181,E9,'Test Completo'!$E$2:$E$181,F9) -> 20 | R9: =C9&"|"&D9&"|"&E9&"|"&F9 -> 150|0,5|5|3,75
A10: T6 | B10: Tab. 11, 6ª | C10: 90 | D10: 0.95 | E10: 5 | F10: 1.25 | G10: =F10/E10 -> 0.25 | H10: Dentro WZ | I10: 6 | J10: 631, 632, 633 | K10: 29.91 | L10: 2.47 | M10: 1.08 | N10: =M10+$C$22 -> 11.08 | O10: =_xlfn.MINIFS('Test Completo'!$A$2:$A$181,'Test Completo'!$B$2:$B$181,C10,'Test Completo'!$C$2:$C$181,D10,'Test Completo'!$D$2:$D$181,E10,'Test Completo'!$E$2:$E$181,F10) -> 1302 | P10: =_xlfn.MAXIFS('Test Completo'!$A$2:$A$181,'Test Completo'!$B$2:$B$181,C10,'Test Completo'!$C$2:$C$181,D10,'Test Completo'!$D$2:$D$181,E10,'Test Completo'!$E$2:$E$181,F10) -> 1473 | Q10: =COUNTIFS('Test Completo'!$B$2:$B$181,C10,'Test Completo'!$C$2:$C$181,D10,'Test Completo'!$D$2:$D$181,E10,'Test Completo'!$E$2:$E$181,F10) -> 20 | R10: =C10&"|"&D10&"|"&E10&"|"&F10 -> 90|0,95|5|1,25
A11: T7 | B11: Tab. 11, 7ª | C11: 30 | D11: 0.5 | E11: 5 | F11: 3.75 | G11: =F11/E11 -> 0.75 | H11: Dentro WZ | I11: 7 | J11: 49, 50, 51 | K11: 29.94 | L11: 0.48 | M11: 4.78 | N11: =M11+$C$22 -> 14.78 | O11: =_xlfn.MINIFS('Test Completo'!$A$2:$A$181,'Test Completo'!$B$2:$B$181,C11,'Test Completo'!$C$2:$C$181,D11,'Test Completo'!$D$2:$D$181,E11,'Test Completo'!$E$2:$E$181,F11) -> 1303 | P11: =_xlfn.MAXIFS('Test Completo'!$A$2:$A$181,'Test Completo'!$B$2:$B$181,C11,'Test Completo'!$C$2:$C$181,D11,'Test Completo'!$D$2:$D$181,E11,'Test Completo'!$E$2:$E$181,F11) -> 1474 | Q11: =COUNTIFS('Test Completo'!$B$2:$B$181,C11,'Test Completo'!$C$2:$C$181,D11,'Test Completo'!$D$2:$D$181,E11,'Test Completo'!$E$2:$E$181,F11) -> 20 | R11: =C11&"|"&D11&"|"&E11&"|"&F11 -> 30|0,5|5|3,75
A12: T8 | B12: Tab. 11, 8ª | C12: 90 | D12: 0.8 | E12: 5 | F12: 1.25 | G12: =F12/E12 -> 0.25 | H12: Dentro WZ | I12: 8 | J12: 577, 578, 579 | K12: 30.01 | L12: 3.51 | M12: 1.08 | N12: =M12+$C$22 -> 11.08 | O12: =_xlfn.MINIFS('Test Completo'!$A$2:$A$181,'Test Completo'!$B$2:$B$181,C12,'Test Completo'!$C$2:$C$181,D12,'Test Completo'!$D$2:$D$181,E12,'Test Completo'!$E$2:$E$181,F12) -> 1304 | P12: =_xlfn.MAXIFS('Test Completo'!$A$2:$A$181,'Test Completo'!$B$2:$B$181,C12,'Test Completo'!$C$2:$C$181,D12,'Test Completo'!$D$2:$D$181,E12,'Test Completo'!$E$2:$E$181,F12) -> 1475 | Q12: =COUNTIFS('Test Completo'!$B$2:$B$181,C12,'Test Completo'!$C$2:$C$181,D12,'Test Completo'!$D$2:$D$181,E12,'Test Completo'!$E$2:$E$181,F12) -> 20 | R12: =C12&"|"&D12&"|"&E12&"|"&F12 -> 90|0,8|5|1,25
A13: T9 | B13: Classifica diretta, 1ª (Sez. 5.5) | C13: 90 | D13: 0.5 | E13: 4 | F13: 2 | G13: =F13/E13 -> 0.5 | H13: Dentro WZ | I13: – | J13: 457, 458, 459 | K13: 27.93 | L13: 0.28 | M13: 2.18 | N13: =M13+$C$22 -> 12.18 | O13: =_xlfn.MINIFS('Test Completo'!$A$2:$A$181,'Test Completo'!$B$2:$B$181,C13,'Test Completo'!$C$2:$C$181,D13,'Test Completo'!$D$2:$D$181,E13,'Test Completo'!$E$2:$E$181,F13) -> 1305 | P13: =_xlfn.MAXIFS('Test Completo'!$A$2:$A$181,'Test Completo'!$B$2:$B$181,C13,'Test Completo'!$C$2:$C$181,D13,'Test Completo'!$D$2:$D$181,E13,'Test Completo'!$E$2:$E$181,F13) -> 1476 | Q13: =COUNTIFS('Test Completo'!$B$2:$B$181,C13,'Test Completo'!$C$2:$C$181,D13,'Test Completo'!$D$2:$D$181,E13,'Test Completo'!$E$2:$E$181,F13) -> 20 | R13: =C13&"|"&D13&"|"&E13&"|"&F13 -> 90|0,5|4|2
A14: In blu i valori inseriti a mano: parametri della griglia e risultati della griglia (steering_test.xlsx, simulazioni indicate nella colonna J; la mediana del tempo nella TZ del totem è calcolata sulle simulazioni completate con gli stessi raggi e l'obiettivo dentro la WZ).
A17: Soglie
B18: Pulizia della griglia
B19: Soglia tempoTot (s) | C19: 49.575 | D19: 95° percentile di tempoTot nella griglia (Sezione 4.4)
B20: Soglia tempoWZ (s) | C20: 6.23 | D20: 95° percentile di tempoWZ nella griglia (Sezione 4.4)
B21: Blocco al totem
B22: Margine per il blocco al totem (s) | C22: 10 | D22: Blocco = tempo nella TZ del totem oltre la mediana della griglia + margine (Sezione 5.6)
A25: Come usarlo
A26: 1. Copia test_integrativo.xlsx nella cartella degli script, accanto a steering_test.xlsx (che non viene toccato).
A27: 2. In set_config.py cambia il file e cerca la riga per numero di simulazione, invece che per posizione:
A28: EXCEL_PATH = "test_integrativo.xlsx"
A29: row = df[df["Configurazione"] == config_num].iloc[0] # al posto di: row = df.iloc[config_num - 1]
A30: 3. In fill_excel.py (e in pedPy.py, se lo legge) sostituisci steering_test.xlsx con test_integrativo.xlsx.
A31: 4. In master_run.py imposta l'intervallo e togli il blocco che salta le configurazioni con tzRadius diverso da 0.75:
A32: START_CONFIG = 1297
A33: END_CONFIG = 1476
A34: 5. Prova: lancia python master_run.py 1297, fermalo con Ctrl+C dopo la prima simulazione e controlla che la riga 1297 sia compilata.
A35: 6. Poi riparti con python master_run.py 1298. Durata stimata: circa 2 ore e mezza. Tieni il file Excel chiuso mentre gira.
A36: 7. Se ti fermi prima, ogni blocco di 9 simulazioni completa una ripetizione di tutte le configurazioni: per riprendere usa il numero della prima simulazione mancante.
A37: Le colonne H–W del foglio Test Completo le compila fill_excel.py: non vanno scritte a mano. I fogli Riepilogo e Calcolo si aggiornano da soli.

Sheet Calcolo
A1: Simulazione | B1: ID | C1: Campione | D1: tempoTot | E1: NavMesh | F1: tempoWZ | G1: tempoTZ | H1: Tempo TZ totem | I1: Esito | J1: tempoTot se riuscita
A2: ='Test Completo'!A2 -> 1297 | B2: =IFERROR(INDEX('Piano del test'!$A$5:$A$13,MATCH('Test Completo'!B2&"|"&'Test Completo'!C2&"|"&'Test Completo'!D2&"|"&'Test Completo'!E2,'Piano del test'!$R$5:$R$13,0)),"?") -> T1 | C2: ='Test Completo'!G2 -> 4 | D2: =IF('Test Completo'!M2="","",'Test Completo'!M2) -> 53.06 | E2: =IF('Test Completo'!I2="","",'Test Completo'!I2) -> 1 | F2: =IF('Test Completo'!H2="","",'Test Completo'!H2) -> 3.2 | G2: =IF('Test Completo'!L2="","",'Test Completo'!L2) -> 29.88 | H2: =IF('Test Completo'!T2="","",'Test Completo'!T2) -> 27.66 | I2: =IF('Test Completo'!M2="","non eseguita",IF(N('Test Completo'!M2)=0,"timeout",IF(OR(N('Test Completo'!H2)<0,N('Test Completo'!L2)<0),"tempi negativi",IF(N('Test Completo'!I2)<1,"NavMesh non attivato",IF(N('Test Completo'!T2)>INDEX('Piano del test'!$N$5:$N$13,MATCH(B2,'Piano del test'!$A$5:$A$13,0)),"blocco al totem",IF(OR(N('Test Completo'!M2)>'Piano del test'!$C$19,N('Test Completo'!H2)>'Piano del test'!$C$20),"oltre le soglie","riuscita")))))) -> blocco al totem | J2: =IF(I2="riuscita",D2,0) -> 0
A3: ='Test Completo'!A3 -> 1298 | B3: =IFERROR(INDEX('Piano del test'!$A$5:$A$13,MATCH('Test Completo'!B3&"|"&'Test Completo'!C3&"|"&'Test Completo'!D3&"|"&'Test Completo'!E3,'Piano del test'!$R$5:$R$13,0)),"?") -> T2 | C3: ='Test Completo'!G3 -> 4 | D3: =IF('Test Completo'!M3="","",'Test Completo'!M3) -> 30.3 | E3: =IF('Test Completo'!I3="","",'Test Completo'!I3) -> 1 | F3: =IF('Test Completo'!H3="","",'Test Completo'!H3) -> 5.04 | G3: =IF('Test Completo'!L3="","",'Test Completo'!L3) -> 3.2 | H3: =IF('Test Completo'!T3="","",'Test Completo'!T3) -> 1 | I3: =IF('Test Completo'!M3="","non eseguita",IF(N('Test Completo'!M3)=0,"timeout",IF(OR(N('Test Completo'!H3)<0,N('Test Completo'!L3)<0),"tempi negativi",IF(N('Test Completo'!I3)<1,"NavMesh non attivato",IF(N('Test Completo'!T3)>INDEX('Piano del test'!$N$5:$N$13,MATCH(B3,'Piano del test'!$A$5:$A$13,0)),"blocco al totem",IF(OR(N('Test Completo'!M3)>'Piano del test'!$C$19,N('Test Completo'!H3)>'Piano del test'!$C$20),"oltre le soglie","riuscita")))))) -> riuscita | J3: =IF(I3="riuscita",D3,0) -> 30.3
A4: ='Test Completo'!A4 -> 1299 | B4: =IFERROR(INDEX('Piano del test'!$A$5:$A$13,MATCH('Test Completo'!B4&"|"&'Test Completo'!C4&"|"&'Test Completo'!D4&"|"&'Test Completo'!E4,'Piano del test'!$R$5:$R$13,0)),"?") -> T3 | C4: ='Test Completo'!G4 -> 4 | D4: =IF('Test Completo'!M4="","",'Test Completo'!M4) -> 33.16 | E4: =IF('Test Completo'!I4="","",'Test Completo'!I4) -> 1 | F4: =IF('Test Completo'!H4="","",'Test Completo'!H4) -> 1.96 | G4: =IF('Test Completo'!L4="","",'Test Completo'!L4) -> 9.66 | H4: =IF('Test Completo'!T4="","",'Test Completo'!T4) -> 4.82 | I4: =IF('Test Completo'!M4="","non eseguita",IF(N('Test Completo'!M4)=0,"timeout",IF(OR(N('Test Completo'!H4)<0,N('Test Completo'!L4)<0),"tempi negativi",IF(N('Test Completo'!I4)<1,"NavMesh non attivato",IF(N('Test Completo'!T4)>INDEX('Piano del test'!$N$5:$N$13,MATCH(B4,'Piano del test'!$A$5:$A$13,0)),"blocco al totem",IF(OR(N('Test Completo'!M4)>'Piano del test'!$C$19,N('Test Completo'!H4)>'Piano del test'!$C$20),"oltre le soglie","riuscita")))))) -> riuscita | J4: =IF(I4="riuscita",D4,0) -> 33.16
A5: ='Test Completo'!A5 -> 1300 | B5: =IFERROR(INDEX('Piano del test'!$A$5:$A$13,MATCH('Test Completo'!B5&"|"&'Test Completo'!C5&"|"&'Test Completo'!D5&"|"&'Test Completo'!E5,'Piano del test'!$R$5:$R$13,0)),"?") -> T4 | C5: ='Test Completo'!G5 -> 4 | D5: =IF('Test Completo'!M5="","",'Test Completo'!M5) -> 30.12 | E5: =IF('Test Completo'!I5="","",'Test Completo'!I5) -> 1 | F5: =IF('Test Completo'!H5="","",'Test Completo'!H5) -> 2.28 | G5: =IF('Test Completo'!L5="","",'Test Completo'!L5) -> 9.8 | H5: =IF('Test Completo'!T5="","",'Test Completo'!T5) -> 4.9 | I5: =IF('Test Completo'!M5="","non eseguita",IF(N('Test Completo'!M5)=0,"timeout",IF(OR(N('Test Completo'!H5)<0,N('Test Completo'!L5)<0),"tempi negativi",IF(N('Test Completo'!I5)<1,"NavMesh non attivato",IF(N('Test Completo'!T5)>INDEX('Piano del test'!$N$5:$N$13,MATCH(B5,'Piano del test'!$A$5:$A$13,0)),"blocco al totem",IF(OR(N('Test Completo'!M5)>'Piano del test'!$C$19,N('Test Completo'!H5)>'Piano del test'!$C$20),"oltre le soglie","riuscita")))))) -> riuscita | J5: =IF(I5="riuscita",D5,0) -> 30.12
A6: ='Test Completo'!A6 -> 1301 | B6: =IFERROR(INDEX('Piano del test'!$A$5:$A$13,MATCH('Test Completo'!B6&"|"&'Test Completo'!C6&"|"&'Test Completo'!D6&"|"&'Test Completo'!E6,'Piano del test'!$R$5:$R$13,0)),"?") -> T5 | C6: ='Test Completo'!G6 -> 4 | D6: =IF('Test Completo'!M6="","",'Test Completo'!M6) -> 31.06 | E6: =IF('Test Completo'!I6="","",'Test Completo'!I6) -> 1 | F6: =IF('Test Completo'!H6="","",'Test Completo'!H6) -> 2.8 | G6: =IF('Test Completo'!L6="","",'Test Completo'!L6) -> 9.72 | H6: =IF('Test Completo'!T6="","",'Test Completo'!T6) -> 4.9 | I6: =IF('Test Completo'!M6="","non eseguita",IF(N('Test Completo'!M6)=0,"timeout",IF(OR(N('Test Completo'!H6)<0,N('Test Completo'!L6)<0),"tempi negativi",IF(N('Test Completo'!I6)<1,"NavMesh non attivato",IF(N('Test Completo'!T6)>INDEX('Piano del test'!$N$5:$N$13,MATCH(B6,'Piano del test'!$A$5:$A$13,0)),"blocco al totem",IF(OR(N('Test Completo'!M6)>'Piano del test'!$C$19,N('Test Completo'!H6)>'Piano del test'!$C$20),"oltre le soglie","riuscita")))))) -> riuscita | J6: =IF(I6="riuscita",D6,0) -> 31.06
A7: ='Test Completo'!A7 -> 1302 | B7: =IFERROR(INDEX('Piano del test'!$A$5:$A$13,MATCH('Test Completo'!B7&"|"&'Test Completo'!C7&"|"&'Test Completo'!D7&"|"&'Test Completo'!E7,'Piano del test'!$R$5:$R$13,0)),"?") -> T6 | C7: ='Test Completo'!G7 -> 4 | D7: =IF('Test Completo'!M7="","",'Test Completo'!M7) -> 26.94 | E7: =IF('Test Completo'!I7="","",'Test Completo'!I7) -> 1 | F7: =IF('Test Completo'!H7="","",'Test Completo'!H7) -> 3.2 | G7: =IF('Test Completo'!L7="","",'Test Completo'!L7) -> 3.28 | H7: =IF('Test Completo'!T7="","",'Test Completo'!T7) -> 1 | I7: =IF('Test Completo'!M7="","non eseguita",IF(N('Test Completo'!M7)=0,"timeout",IF(OR(N('Test Completo'!H7)<0,N('Test Completo'!L7)<0),"tempi negativi",IF(N('Test Completo'!I7)<1,"NavMesh non attivato",IF(N('Test Completo'!T7)>INDEX('Piano del test'!$N$5:$N$13,MATCH(B7,'Piano del test'!$A$5:$A$13,0)),"blocco al totem",IF(OR(N('Test Completo'!M7)>'Piano del test'!$C$19,N('Test Completo'!H7)>'Piano del test'!$C$20),"oltre le soglie","riuscita")))))) -> riuscita | J7: =IF(I7="riuscita",D7,0) -> 26.94
A8: ='Test Completo'!A8 -> 1303 | B8: =IFERROR(INDEX('Piano del test'!$A$5:$A$13,MATCH('Test Completo'!B8&"|"&'Test Completo'!C8&"|"&'Test Completo'!D8&"|"&'Test Completo'!E8,'Piano del test'!$R$5:$R$13,0)),"?") -> T7 | C8: ='Test Completo'!G8 -> 4 | D8: =IF('Test Completo'!M8="","",'Test Completo'!M8) -> 32.8 | E8: =IF('Test Completo'!I8="","",'Test Completo'!I8) -> 1 | F8: =IF('Test Completo'!H8="","",'Test Completo'!H8) -> 2.1 | G8: =IF('Test Completo'!L8="","",'Test Completo'!L8) -> 9.66 | H8: =IF('Test Completo'!T8="","",'Test Completo'!T8) -> 4.84 | I8: =IF('Test Completo'!M8="","non eseguita",IF(N('Test Completo'!M8)=0,"timeout",IF(OR(N('Test Completo'!H8)<0,N('Test Completo'!L8)<0),"tempi negativi",IF(N('Test Completo'!I8)<1,"NavMesh non attivato",IF(N('Test Completo'!T8)>INDEX('Piano del test'!$N$5:$N$13,MATCH(B8,'Piano del test'!$A$5:$A$13,0)),"blocco al totem",IF(OR(N('Test Completo'!M8)>'Piano del test'!$C$19,N('Test Completo'!H8)>'Piano del test'!$C$20),"oltre le soglie","riuscita")))))) -> riuscita | J8: =IF(I8="riuscita",D8,0) -> 32.8
A9: ='Test Completo'!A9 -> 1304 | B9: =IFERROR(INDEX('Piano del test'!$A$5:$A$13,MATCH('Test Completo'!B9&"|"&'Test Completo'!C9&"|"&'Test Completo'!D9&"|"&'Test Completo'!E9,'Piano del test'!$R$5:$R$13,0)),"?") -> T8 | C9: ='Test Completo'!G9 -> 4 | D9: =IF('Test Completo'!M9="","",'Test Completo'!M9) -> 28.24 | E9: =IF('Test Completo'!I9="","",'Test Completo'!I9) -> 1 | F9: =IF('Test Completo'!H9="","",'Test Completo'!H9) -> 3.46 | G9: =IF('Test Completo'!L9="","",'Test Completo'!L9) -> 3.36 | H9: =IF('Test Completo'!T9="","",'Test Completo'!T9) -> 1.04 | I9: =IF('Test Completo'!M9="","non eseguita",IF(N('Test Completo'!M9)=0,"timeout",IF(OR(N('Test Completo'!H9)<0,N('Test Completo'!L9)<0),"tempi negativi",IF(N('Test Completo'!I9)<1,"NavMesh non attivato",IF(N('Test Completo'!T9)>INDEX('Piano del test'!$N$5:$N$13,MATCH(B9,'Piano del test'!$A$5:$A$13,0)),"blocco al totem",IF(OR(N('Test Completo'!M9)>'Piano del test'!$C$19,N('Test Completo'!H9)>'Piano del test'!$C$20),"oltre le soglie","riuscita")))))) -> riuscita | J9: =IF(I9="riuscita",D9,0) -> 28.24
A10: ='Test Completo'!A10 -> 1305 | B10: =IFERROR(INDEX('Piano del test'!$A$5:$A$13,MATCH('Test Completo'!B10&"|"&'Test Completo'!C10&"|"&'Test Completo'!D10&"|"&'Test Completo'!E10,'Piano del test'!$R$5:$R$13,0)),"?") -> T9 | C10: ='Test Completo'!G10 -> 4 | D10: =IF('Test Completo'!M10="","",'Test Completo'!M10) -> 35.26 | E10: =IF('Test Completo'!I10="","",'Test Completo'!I10) -> 1 | F10: =IF('Test Completo'!H10="","",'Test Completo'!H10) -> 1.8 | G10: =IF('Test Completo'!L10="","",'Test Completo'!L10) -> 5.26 | H10: =IF('Test Completo'!T10="","",'Test Completo'!T10) -> 2.2 | I10: =IF('Test Completo'!M10="","non eseguita",IF(N('Test Completo'!M10)=0,"timeout",IF(OR(N('Test Completo'!H10)<0,N('Test Completo'!L10)<0),"tempi negativi",IF(N('Test Completo'!I10)<1,"NavMesh non attivato",IF(N('Test Completo'!T10)>INDEX('Piano del test'!$N$5:$N$13,MATCH(B10,'Piano del test'!$A$5:$A$13,0)),"blocco al totem",IF(OR(N('Test Completo'!M10)>'Piano del test'!$C$19,N('Test Completo'!H10)>'Piano del test'!$C$20),"oltre le soglie","riuscita")))))) -> riuscita | J10: =IF(I10="riuscita",D10,0) -> 35.26
A11: ='Test Completo'!A11 -> 1306 | B11: =IFERROR(INDEX('Piano del test'!$A$5:$A$13,MATCH('Test Completo'!B11&"|"&'Test Completo'!C11&"|"&'Test Completo'!D11&"|"&'Test Completo'!E11,'Piano del test'!$R$5:$R$13,0)),"?") -> T1 | C11: ='Test Completo'!G11 -> 5 | D11: =IF('Test Completo'!M11="","",'Test Completo'!M11) -> 26.6 | E11: =IF('Test Completo'!I11="","",'Test Completo'!I11) -> 1 | F11: =IF('Test Completo'!H11="","",'Test Completo'!H11) -> 3.14 | G11: =IF('Test Completo'!L11="","",'Test Completo'!L11) -> 3.3 | H11: =IF('Test Completo'!T11="","",'Test Completo'!T11) -> 1.02 | I11: =IF('Test Completo'!M11="","non eseguita",IF(N('Test Completo'!M11)=0,"timeout",IF(OR(N('Test Completo'!H11)<0,N('Test Completo'!L11)<0),"tempi negativi",IF(N('Test Completo'!I11)<1,"NavMesh non attivato",IF(N('Test Completo'!T11)>INDEX('Piano del test'!$N$5:$N$13,MATCH(B11,'Piano del test'!$A$5:$A$13,0)),"blocco al totem",IF(OR(N('Test Completo'!M11)>'Piano del test'!$C$19,N('Test Completo'!H11)>'Piano del test'!$C$20),"oltre le soglie","riuscita")))))) -> riuscita | J11: =IF(I11="riuscita",D11,0) -> 26.6
A12: ='Test Completo'!A12 -> 1307 | B12: =IFERROR(INDEX('Piano del test'!$A$5:$A$13,MATCH('Test Completo'!B12&"|"&'Test Completo'!C12&"|"&'Test Completo'!D12&"|"&'Test Completo'!E12,'Piano del test'!$R$5:$R$13,0)),"?") -> T2 | C12: ='Test Completo'!G12 -> 5 | D12: =IF('Test Completo'!M12="","",'Test Completo'!M12) -> 0 | E12: =IF('Test Completo'!I12="","",'Test Completo'!I12) -> 0 | F12: =IF('Test Completo'!H12="","",'Test Completo'!H12) -> 0 | G12: =IF('Test Completo'!L12="","",'Test Completo'!L12) -> 0 | H12: =IF('Test Completo'!T12="","",'Test Completo'!T12) -> 0 | I12: =IF('Test Completo'!M12="","non eseguita",IF(N('Test Completo'!M12)=0,"timeout",IF(OR(N('Test Completo'!H12)<0,N('Test Completo'!L12)<0),"tempi negativi",IF(N('Test Completo'!I12)<1,"NavMesh non attivato",IF(N('Test Completo'!T12)>INDEX('Piano del test'!$N$5:$N$13,MATCH(B12,'Piano del test'!$A$5:$A$13,0)),"blocco al totem",IF(OR(N('Test Completo'!M12)>'Piano del test'!$C$19,N('Test Completo'!H12)>'Piano del test'!$C$20),"oltre le soglie","riuscita")))))) -> timeout | J12: =IF(I12="riuscita",D12,0) -> 0
A13: ='Test Completo'!A13 -> 1308 | B13: =IFERROR(INDEX('Piano del test'!$A$5:$A$13,MATCH('Test Completo'!B13&"|"&'Test Completo'!C13&"|"&'Test Completo'!D13&"|"&'Test Completo'!E13,'Piano del test'!$R$5:$R$13,0)),"?") -> T3 | C13: ='Test Completo'!G13 -> 5 | D13: =IF('Test Completo'!M13="","",'Test Completo'!M13) -> 0 | E13: =IF('Test Completo'!I13="","",'Test Completo'!I13) -> 0 | F13: =IF('Test Completo'!H13="","",'Test Completo'!H13) -> 0 | G13: =IF('Test Completo'!L13="","",'Test Completo'!L13) -> 0 | H13: =IF('Test Completo'!T13="","",'Test Completo'!T13) -> 0 | I13: =IF('Test Completo'!M13="","non eseguita",IF(N('Test Completo'!M13)=0,"timeout",IF(OR(N('Test Completo'!H13)<0,N('Test Completo'!L13)<0),"tempi negativi",IF(N('Test Completo'!I13)<1,"NavMesh non attivato",IF(N('Test Completo'!T13)>INDEX('Piano del test'!$N$5:$N$13,MATCH(B13,'Piano del test'!$A$5:$A$13,0)),"blocco al totem",IF(OR(N('Test Completo'!M13)>'Piano del test'!$C$19,N('Test Completo'!H13)>'Piano del test'!$C$20),"oltre le soglie","riuscita")))))) -> timeout | J13: =IF(I13="riuscita",D13,0) -> 0
... A181: ='Test Completo'!A181 -> 1476 | B181: =IFERROR(INDEX('Piano del test'!$A$5:$A$13,MATCH('Test Completo'!B181&"|"&'Test Completo'!C181&"|"&'Test Completo'!D181&"|"&'Test Completo'!E181,'Piano del test'!$R$5:$R$13,0)),"?") -> T9 | C181: ='Test Completo'!G181 -> 23 | D181: =IF('Test Completo'!M181="","",'Test Completo'!M181) -> 32.3 | E181: =IF('Test Completo'!I181="","",'Test Completo'!I181) -> 1 | F181: =IF('Test Completo'!H181="","",'Test Completo'!H181) -> 1.76 | G181: =IF('Test Completo'!L181="","",'Test Completo'!L181) -> 5.18 | H181: =IF('Test Completo'!T181="","",'Test Completo'!T181) -> 2.1 | I181: =IF('Test Completo'!M181="","non eseguita",IF(N('Test Completo'!M181)=0,"timeout",IF(OR(N('Test Completo'!H181)<0,N('Test Completo'!L181)<0),"tempi negativi",IF(N('Test Completo'!I181)<1,"NavMesh non attivato",IF(N('Test Completo'!T181)>INDEX('Piano del test'!$N$5:$N$13,MATCH(B181,'Piano del test'!$A$5:$A$13,0)),"blocco al totem",IF(OR(N('Test Completo'!M181)>'Piano del test'!$C$19,N('Test Completo'!H181)>'Piano del test'!$C$20),"oltre le soglie","riuscita")))))) -> riuscita | J181: =IF(I181="riuscita",D181,0) -> 32.3
